DengueYear,DengueWeekNumber,DengueCaseCount,LagYear,LagWeekNumber,LagWeekStartDate,TemperatureMean,TemperatureMax,HumidityMean,HumidityMax,PrecipitationMean,PrecipitationMax,MostCommonWeatherCodeId,MostCommonWeatherDescription,OccurrenceCount,DominantWeatherCategory,IsWetWeek
2014,1,0,2013,51,12-16-2013,27.09,27.60,87.57,90.00,8.49,17.50,63,"Rain, not freezing, continuous",3,Rain,TRUE
2014,2,0,2013,52,12-23-2013,27.19,27.70,87.57,90.00,4.29,9.80,51,"Rain, not freezing, continuous",2,Rain,TRUE
2014,3,0,2014,1,12-30-2013,27.31,27.90,86.00,89.00,4.66,9.70,61,"Rain, not freezing, continuous",4,Rain,TRUE
2014,4,2,2014,2,01-06-2014,26.63,27.20,85.71,89.00,14.04,44.50,63,"Rain, not freezing, continuous",3,Rain,TRUE
2014,5,2,2014,3,01-13-2014,26.13,26.50,83.57,89.00,8.36,27.20,53,"Rain, not freezing, continuous",2,Rain,TRUE
2014,6,1,2014,4,01-20-2014,25.99,26.50,81.14,86.00,0.37,1.30,3,"Drizzle, not freezing, continuous",4,Drizzle,FALSE
2014,7,3,2014,5,01-27-2014,25.84,26.30,79.00,82.00,0.57,1.90,3,"Drizzle, not freezing, continuous",4,Drizzle,FALSE
2014,8,2,2014,6,02-03-2014,26.90,27.30,85.29,89.00,4.53,12.50,51,"Rain, not freezing, continuous",3,Rain,TRUE
2014,9,0,2014,7,02-10-2014,26.36,26.90,86.14,91.00,15.36,54.10,63,"Rain, not freezing, continuous",3,Rain,TRUE
2014,10,1,2014,8,02-17-2014,26.41,26.80,79.43,84.00,1.66,9.60,51,"Rain, not freezing, continuous",4,Rain,TRUE
2014,11,3,2014,9,02-24-2014,26.89,27.40,80.57,84.00,0.66,3.50,3,"Drizzle, not freezing, continuous",3,Drizzle,FALSE
2014,12,1,2014,10,03-03-2014,26.80,27.10,80.86,84.00,0.37,1.50,51,"Drizzle, not freezing, continuous",4,Drizzle,TRUE
2014,13,3,2014,11,03-10-2014,27.41,28.10,81.57,85.00,3.37,9.50,51,"Rain, not freezing, continuous",2,Rain,TRUE
2014,14,0,2014,12,03-17-2014,27.54,28.10,81.14,84.00,3.66,7.40,51,"Rain, not freezing, continuous",2,Rain,TRUE
2014,15,1,2014,13,03-24-2014,27.47,28.00,85.57,88.00,5.89,14.30,53,"Rain, not freezing, continuous",3,Rain,TRUE
2014,16,1,2014,14,03-31-2014,27.81,28.20,83.57,86.00,1.83,4.00,51,"Rain, not freezing, continuous",6,Rain,TRUE
2014,17,0,2014,15,04-07-2014,27.86,28.00,81.71,83.00,0.81,2.30,51,"Drizzle, not freezing, continuous",4,Drizzle,TRUE
2014,18,0,2014,16,04-14-2014,27.63,28.20,84.43,86.00,4.79,13.20,53,"Rain, not freezing, continuous",3,Rain,TRUE
2014,19,4,2014,17,04-21-2014,27.90,28.30,84.71,86.00,4.29,7.60,61,"Rain, not freezing, continuous",3,Rain,TRUE
2014,20,3,2014,18,04-28-2014,27.97,28.50,84.14,85.00,4.16,6.20,53,"Rain, not freezing, continuous",5,Rain,TRUE
2014,21,5,2014,19,05-05-2014,28.13,29.00,85.00,89.00,7.90,28.20,53,"Rain, not freezing, continuous",3,Rain,TRUE
2014,22,3,2014,20,05-12-2014,27.21,27.80,87.14,90.00,15.41,33.50,63,"Rain, not freezing, continuous",4,Rain,TRUE
2014,23,5,2014,21,05-19-2014,27.26,27.70,87.86,89.00,10.13,16.90,63,"Rain, not freezing, continuous",6,Rain,TRUE
2014,24,3,2014,22,05-26-2014,27.60,28.80,88.00,91.00,11.77,20.20,63,"Rain, not freezing, continuous",3,Rain,TRUE
2014,25,4,2014,23,06-02-2014,28.10,28.50,85.43,87.00,4.13,12.60,53,"Rain, not freezing, continuous",3,Rain,TRUE
2014,26,7,2014,24,06-09-2014,27.99,28.30,87.29,89.00,6.47,16.90,61,"Rain, not freezing, continuous",4,Rain,TRUE
2014,27,3,2014,25,06-16-2014,27.30,28.00,87.43,92.00,14.13,47.30,51,"Rain, not freezing, continuous",2,Rain,TRUE
2014,28,11,2014,26,06-23-2014,27.53,28.20,86.14,89.00,4.53,10.60,61,"Rain, not freezing, continuous",2,Rain,TRUE
2014,29,5,2014,27,06-30-2014,26.90,27.40,88.57,91.00,7.64,16.20,61,"Rain, not freezing, continuous",4,Rain,TRUE
2014,30,6,2014,28,07-07-2014,27.20,27.70,86.57,90.00,7.44,13.70,51,"Rain, not freezing, continuous",3,Rain,TRUE
2014,31,1,2014,29,07-14-2014,27.26,27.70,87.86,90.00,6.29,10.30,61,"Rain, not freezing, continuous",3,Rain,TRUE
2014,32,3,2014,30,07-21-2014,27.10,27.80,87.57,91.00,4.07,9.50,55,"Rain, not freezing, continuous",3,Rain,TRUE
2014,33,4,2014,31,07-28-2014,27.14,27.60,87.29,90.00,3.70,9.10,51,"Rain, not freezing, continuous",2,Rain,TRUE
2014,34,5,2014,32,08-04-2014,27.31,27.70,87.00,90.00,2.29,4.20,51,"Rain, not freezing, continuous",2,Rain,TRUE
2014,35,8,2014,33,08-11-2014,26.54,27.30,87.14,89.00,8.20,12.90,61,"Rain, not freezing, continuous",4,Rain,TRUE
2014,36,1,2014,34,08-18-2014,26.81,27.40,86.29,89.00,8.79,22.10,63,"Rain, not freezing, continuous",3,Rain,TRUE
2014,37,5,2014,35,08-25-2014,26.59,27.00,86.14,88.00,9.89,14.70,61,"Rain, not freezing, continuous",4,Rain,TRUE
2014,38,1,2014,36,09-01-2014,26.54,26.90,88.00,91.00,8.53,15.60,61,"Rain, not freezing, continuous",3,Rain,TRUE
2014,39,0,2014,37,09-08-2014,26.97,27.60,85.29,90.00,7.21,29.50,51,"Rain, not freezing, continuous",3,Rain,TRUE
2014,40,3,2014,38,09-15-2014,27.24,27.70,84.86,89.00,4.10,18.80,3,"Rain, not freezing, continuous",3,Rain,TRUE
2014,41,7,2014,39,09-22-2014,26.79,27.20,87.57,90.00,11.13,28.20,63,"Rain, not freezing, continuous",3,Rain,TRUE
2014,42,6,2014,40,09-29-2014,26.80,27.40,88.71,91.00,5.36,8.50,53,"Rain, not freezing, continuous",2,Rain,TRUE
2014,43,3,2014,41,10-06-2014,26.50,27.10,89.00,91.00,16.56,30.90,63,"Rain, not freezing, continuous",3,Rain,TRUE
2014,44,1,2014,42,10-13-2014,27.26,27.80,86.86,88.00,4.60,10.00,51,"Rain, not freezing, continuous",2,Rain,TRUE
2014,45,4,2014,43,10-20-2014,27.16,27.70,86.71,88.00,8.64,17.10,61,"Rain, not freezing, continuous",5,Rain,TRUE
2014,46,6,2014,44,10-27-2014,27.19,27.70,86.86,89.00,8.40,18.30,63,"Rain, not freezing, continuous",3,Rain,TRUE
2014,47,1,2014,45,11-03-2014,26.89,27.30,86.57,89.00,11.36,21.30,63,"Rain, not freezing, continuous",3,Rain,TRUE
2014,48,7,2014,46,11-10-2014,27.30,27.90,85.00,89.00,4.61,16.10,51,"Rain, not freezing, continuous",3,Rain,TRUE
2014,49,3,2014,47,11-17-2014,27.30,27.70,87.29,90.00,5.27,8.90,53,"Rain, not freezing, continuous",5,Rain,TRUE
2014,50,2,2014,48,11-24-2014,27.34,27.80,86.14,88.00,7.06,12.30,53,"Rain, not freezing, continuous",3,Rain,TRUE
2014,51,3,2014,49,12-01-2014,27.31,27.60,86.00,89.00,2.09,4.90,51,"Drizzle, not freezing, continuous",4,Drizzle,TRUE
2014,52,0,2014,50,12-08-2014,27.53,28.00,83.86,85.00,1.61,4.50,51,"Rain, not freezing, continuous",5,Rain,TRUE
2015,1,5,2014,51,12-15-2014,27.41,27.80,86.29,87.00,8.30,18.70,63,"Rain, not freezing, continuous",3,Rain,TRUE
2015,2,6,2014,52,12-22-2014,27.66,28.10,85.57,88.00,2.21,4.50,51,"Rain, not freezing, continuous",3,Rain,TRUE
2015,3,1,2015,1,12-29-2014,27.04,27.60,84.71,87.00,9.29,19.30,61,"Rain, not freezing, continuous",3,Rain,TRUE
2015,4,2,2015,2,01-05-2015,27.09,27.50,83.00,87.00,4.00,14.10,51,"Rain, not freezing, continuous",2,Rain,TRUE
2015,5,5,2015,3,01-12-2015,26.86,27.10,82.86,86.00,0.93,3.60,3,"Rain, not freezing, continuous",4,Rain,TRUE
2015,6,1,2015,4,01-19-2015,26.73,27.30,85.00,88.00,4.21,11.10,51,"Rain, not freezing, continuous",3,Rain,TRUE
2015,7,3,2015,5,01-26-2015,26.83,27.30,83.86,87.00,4.94,12.40,51,"Rain, not freezing, continuous",2,Rain,TRUE
2015,8,0,2015,6,02-02-2015,26.70,27.00,79.86,83.00,0.67,2.00,51,"Drizzle, not freezing, continuous",5,Drizzle,TRUE
2015,9,1,2015,7,02-09-2015,26.69,27.10,84.14,87.00,2.83,7.50,51,"Rain, not freezing, continuous",4,Rain,TRUE
2015,10,3,2015,8,02-16-2015,27.19,27.40,78.86,81.00,0.26,1.10,3,"Drizzle, not freezing, continuous",4,Drizzle,FALSE
2015,11,3,2015,9,02-23-2015,27.43,28.00,79.43,84.00,0.64,3.30,3,"Drizzle, not freezing, continuous",3,Drizzle,FALSE
2015,12,1,2015,10,03-02-2015,27.30,27.70,80.29,83.00,2.34,6.70,51,"Rain, not freezing, continuous",5,Rain,TRUE
2015,13,5,2015,11,03-09-2015,27.49,27.80,77.57,83.00,0.31,1.40,51,"Drizzle, not freezing, continuous",5,Drizzle,TRUE
2015,14,1,2015,12,03-16-2015,27.37,27.60,71.71,80.00,0.13,0.90,0,"Drizzle, not freezing, continuous",2,Drizzle,FALSE
2015,15,2,2015,13,03-23-2015,28.07,28.60,78.14,82.00,2.00,6.70,51,"Drizzle, not freezing, continuous",4,Drizzle,TRUE
2015,16,1,2015,14,03-30-2015,28.50,28.80,77.71,80.00,1.49,4.90,51,"Drizzle, not freezing, continuous",3,Drizzle,TRUE
2015,17,2,2015,15,04-06-2015,27.60,28.30,83.29,88.00,6.21,28.10,51,"Rain, not freezing, continuous",4,Rain,TRUE
2015,18,3,2015,16,04-13-2015,27.83,28.30,84.00,86.00,5.70,11.90,63,"Rain, not freezing, continuous",3,Rain,TRUE
2015,19,2,2015,17,04-20-2015,27.76,28.10,84.57,87.00,4.01,11.60,51,"Rain, not freezing, continuous",2,Rain,TRUE
2015,20,4,2015,18,04-27-2015,27.83,28.40,84.14,86.00,4.11,9.20,61,"Rain, not freezing, continuous",3,Rain,TRUE
2015,21,2,2015,19,05-04-2015,27.84,28.20,83.86,87.00,2.74,8.00,3,"Rain, not freezing, continuous",2,Rain,TRUE
2015,22,4,2015,20,05-11-2015,28.17,28.50,81.43,83.00,2.77,4.60,53,"Rain, not freezing, continuous",3,Rain,TRUE
2015,23,4,2015,21,05-18-2015,28.01,28.50,83.29,88.00,7.30,25.50,51,"Rain, not freezing, continuous",2,Rain,TRUE
2015,24,5,2015,22,05-25-2015,27.77,28.10,85.00,86.00,4.19,6.60,61,"Rain, not freezing, continuous",3,Rain,TRUE
2015,25,2,2015,23,06-01-2015,27.97,28.30,84.71,86.00,4.70,10.60,51,"Rain, not freezing, continuous",3,Rain,TRUE
2015,26,3,2015,24,06-08-2015,27.36,28.10,86.86,88.00,10.97,19.90,61,"Rain, not freezing, continuous",6,Rain,TRUE
2015,27,5,2015,25,06-15-2015,26.93,27.70,88.14,91.00,12.36,38.10,61,"Rain, not freezing, continuous",5,Rain,TRUE
2015,28,1,2015,26,06-22-2015,27.09,27.80,86.29,89.00,8.69,21.10,61,"Rain, not freezing, continuous",3,Rain,TRUE
2015,29,3,2015,27,06-29-2015,26.66,27.40,89.00,92.00,11.33,21.20,61,"Rain, not freezing, continuous",4,Rain,TRUE
2015,30,4,2015,28,07-06-2015,27.24,27.80,87.71,90.00,3.73,10.90,53,"Rain, not freezing, continuous",2,Rain,TRUE
2015,31,3,2015,29,07-13-2015,27.50,27.80,85.00,88.00,0.19,0.90,3,"Drizzle, not freezing, continuous",4,Drizzle,FALSE
2015,32,9,2015,30,07-20-2015,27.23,27.50,84.00,87.00,4.63,11.20,61,"Rain, not freezing, continuous",3,Rain,TRUE
2015,33,1,2015,31,07-27-2015,26.23,26.90,88.86,93.00,18.84,43.90,63,"Rain, not freezing, continuous",3,Rain,TRUE
2015,35,8,2015,33,08-10-2015,27.23,27.70,85.86,89.00,3.57,11.70,3,"Rain, not freezing, continuous",2,Rain,TRUE
2015,36,6,2015,34,08-17-2015,26.80,27.50,87.29,90.00,5.49,12.50,53,"Rain, not freezing, continuous",3,Rain,TRUE
2015,37,7,2015,35,08-24-2015,27.47,27.90,84.57,87.00,1.60,4.30,51,"Drizzle, not freezing, continuous",3,Drizzle,TRUE
2015,38,5,2015,36,08-31-2015,27.47,27.90,83.86,85.00,2.84,6.10,51,"Rain, not freezing, continuous",3,Rain,TRUE
2015,39,4,2015,37,09-07-2015,26.77,27.60,86.86,91.00,6.49,17.50,51,"Rain, not freezing, continuous",3,Rain,TRUE
2015,40,7,2015,38,09-14-2015,27.01,27.60,88.14,89.00,8.06,14.80,61,"Rain, not freezing, continuous",3,Rain,TRUE
2015,41,0,2015,39,09-21-2015,26.87,27.60,87.57,91.00,12.10,26.10,55,"Rain, not freezing, continuous",2,Rain,TRUE
2015,42,6,2015,40,09-28-2015,27.17,27.60,85.71,88.00,4.87,23.50,51,"Rain, not freezing, continuous",3,Rain,TRUE
2015,42,6,2015,40,09-28-2015,27.17,27.60,85.71,88.00,4.87,23.50,51,"Rain, not freezing, continuous",3,Rain,TRUE
2015,43,8,2015,41,10-05-2015,26.96,27.20,88.00,90.00,9.07,15.40,61,"Rain, not freezing, continuous",4,Rain,TRUE
2015,44,3,2015,42,10-12-2015,27.04,27.30,88.00,90.00,10.73,20.60,61,"Rain, not freezing, continuous",3,Rain,TRUE
2015,45,2,2015,43,10-19-2015,27.44,28.00,85.57,88.00,2.37,4.90,51,"Rain, not freezing, continuous",3,Rain,TRUE
2015,46,5,2015,44,10-26-2015,27.70,28.10,84.86,87.00,3.86,9.00,53,"Rain, not freezing, continuous",3,Rain,TRUE
2015,47,7,2015,45,11-02-2015,27.09,27.80,87.43,91.00,9.10,12.90,61,"Rain, not freezing, continuous",4,Rain,TRUE
2015,48,4,2015,46,11-09-2015,27.60,28.10,84.00,87.00,3.40,4.90,51,"Rain, not freezing, continuous",2,Rain,TRUE
2015,49,2,2015,47,11-16-2015,27.47,27.90,85.71,88.00,6.03,14.60,51,"Rain, not freezing, continuous",2,Rain,TRUE
2015,50,3,2015,48,11-23-2015,27.80,28.00,86.57,88.00,5.46,9.80,61,"Rain, not freezing, continuous",5,Rain,TRUE
2015,51,3,2015,49,11-30-2015,27.80,28.20,84.86,88.00,3.49,11.00,61,"Rain, not freezing, continuous",2,Rain,TRUE
2015,52,0,2015,50,12-07-2015,28.06,28.30,84.00,86.00,2.06,3.90,51,"Rain, not freezing, continuous",2,Rain,TRUE
2016,1,10,2015,52,12-21-2015,27.69,27.90,82.71,85.00,0.39,1.30,51,"Drizzle, not freezing, continuous",4,Drizzle,TRUE
2016,2,4,2015,53,12-28-2015,27.63,27.90,81.71,85.00,0.69,1.40,51,"Drizzle, not freezing, continuous",4,Drizzle,TRUE
2016,3,1,2016,1,01-04-2016,27.69,28.20,83.71,86.00,1.37,3.10,51,"Drizzle, not freezing, continuous",4,Drizzle,TRUE
2016,4,3,2016,2,01-11-2016,27.70,27.90,84.43,87.00,1.40,6.00,51,"Rain, not freezing, continuous",3,Rain,TRUE
2016,5,2,2016,3,01-18-2016,27.86,28.20,80.57,83.00,0.43,1.40,51,"Drizzle, not freezing, continuous",4,Drizzle,TRUE
2016,6,4,2016,4,01-25-2016,27.97,28.20,76.29,81.00,0.09,0.20,51,"Drizzle, not freezing, continuous",3,Drizzle,FALSE
2016,7,4,2016,5,02-01-2016,27.99,28.30,82.86,84.00,1.23,4.90,51,"Drizzle, not freezing, continuous",5,Drizzle,TRUE
2016,8,0,2016,6,02-08-2016,27.94,28.60,81.00,87.00,4.84,21.60,51,"Rain, not freezing, continuous",4,Rain,TRUE
2016,9,1,2016,7,02-15-2016,27.79,28.20,80.00,85.00,0.67,1.90,51,"Drizzle, not freezing, continuous",5,Drizzle,TRUE
2016,10,6,2016,8,02-22-2016,28.21,28.70,76.43,83.00,0.90,4.70,51,"Rain, not freezing, continuous",3,Rain,TRUE
2016,11,6,2016,9,02-29-2016,28.07,28.40,82.86,84.00,1.71,3.10,53,"Drizzle, not freezing, continuous",4,Drizzle,TRUE
2016,12,6,2016,10,03-07-2016,28.17,28.60,82.57,86.00,2.13,6.40,53,"Drizzle, not freezing, continuous",4,Drizzle,TRUE
2016,13,1,2016,11,03-14-2016,28.37,28.60,76.57,81.00,0.49,1.40,51,"Drizzle, not freezing, continuous",4,Drizzle,TRUE
2016,14,1,2016,12,03-21-2016,28.46,29.00,75.43,80.00,0.41,1.60,51,"Drizzle, not freezing, continuous",5,Drizzle,TRUE
2016,15,0,2016,13,03-28-2016,28.90,29.10,75.57,79.00,0.53,1.70,51,"Drizzle, not freezing, continuous",5,Drizzle,TRUE
2016,16,4,2016,14,04-04-2016,29.14,29.60,76.29,80.00,1.49,3.10,51,"Drizzle, not freezing, continuous",4,Drizzle,TRUE
2016,17,0,2016,15,04-11-2016,28.44,28.60,83.71,86.00,7.03,19.80,55,"Rain, not freezing, continuous",2,Rain,TRUE
2016,18,2,2016,16,04-18-2016,28.27,28.80,82.71,85.00,4.57,10.50,51,"Rain, not freezing, continuous",3,Rain,TRUE
2016,19,0,2016,17,04-25-2016,28.30,28.60,83.71,85.00,5.04,8.00,61,"Rain, not freezing, continuous",3,Rain,TRUE
2016,20,2,2016,18,05-02-2016,28.51,29.00,83.57,87.00,4.11,9.90,51,"Rain, not freezing, continuous",3,Rain,TRUE
2016,21,3,2016,19,05-09-2016,28.66,29.50,84.00,86.00,7.23,19.40,63,"Rain, not freezing, continuous",3,Rain,TRUE
2016,22,1,2016,20,05-16-2016,27.76,28.10,87.57,89.00,12.10,17.60,61,"Rain, not freezing, continuous",4,Rain,TRUE
2016,23,1,2016,21,05-23-2016,27.97,28.50,87.71,89.00,9.50,16.30,61,"Rain, not freezing, continuous",3,Rain,TRUE
2016,24,2,2016,22,05-30-2016,27.87,28.60,86.14,88.00,8.04,12.00,61,"Rain, not freezing, continuous",4,Rain,TRUE
2016,25,1,2016,23,06-06-2016,28.04,28.50,85.00,87.00,6.43,14.10,63,"Rain, not freezing, continuous",4,Rain,TRUE
2016,26,0,2016,24,06-13-2016,27.66,28.10,86.14,89.00,14.33,44.60,63,"Rain, not freezing, continuous",5,Rain,TRUE
2016,27,2,2016,25,06-20-2016,26.71,27.20,88.00,90.00,26.41,46.10,63,"Rain, not freezing, continuous",4,Rain,TRUE
2016,28,2,2016,26,06-27-2016,27.16,27.70,88.29,90.00,14.77,25.50,63,"Rain, not freezing, continuous",4,Rain,TRUE
2016,29,7,2016,27,07-04-2016,27.89,28.30,85.86,88.00,2.01,6.10,51,"Drizzle, not freezing, continuous",3,Drizzle,TRUE
2016,30,4,2016,28,07-11-2016,27.40,28.00,87.43,89.00,8.51,14.00,61,"Rain, not freezing, continuous",5,Rain,TRUE
2016,31,4,2016,29,07-18-2016,27.31,27.80,86.29,88.00,7.51,15.10,53,"Rain, not freezing, continuous",2,Rain,TRUE
2016,32,5,2016,30,07-25-2016,26.57,27.00,88.43,91.00,15.89,24.40,63,"Rain, not freezing, continuous",5,Rain,TRUE
2016,33,3,2016,31,08-01-2016,26.90,27.80,87.43,92.00,13.80,34.40,61,"Rain, not freezing, continuous",4,Rain,TRUE
2016,34,3,2016,32,08-08-2016,27.87,28.10,86.71,90.00,1.43,3.50,51,"Drizzle, not freezing, continuous",3,Drizzle,TRUE
2016,35,6,2016,33,08-15-2016,27.80,28.30,87.86,91.00,3.00,6.70,53,"Drizzle, not freezing, continuous",4,Drizzle,TRUE
2016,36,3,2016,34,08-22-2016,27.51,27.90,88.14,90.00,8.94,17.10,63,"Rain, not freezing, continuous",3,Rain,TRUE
2016,37,4,2016,35,08-29-2016,27.64,28.10,86.43,89.00,6.06,19.40,55,"Rain, not freezing, continuous",2,Rain,TRUE
2016,38,0,2016,36,09-05-2016,26.94,27.50,88.00,91.00,11.83,25.10,61,"Rain, not freezing, continuous",3,Rain,TRUE
2016,39,3,2016,37,09-12-2016,27.43,28.00,86.00,89.00,7.90,21.50,63,"Rain, not freezing, continuous",3,Rain,TRUE
2016,40,4,2016,38,09-19-2016,27.11,27.60,87.86,89.00,14.89,27.90,63,"Rain, not freezing, continuous",4,Rain,TRUE
2016,41,3,2016,39,09-26-2016,27.43,27.70,87.00,89.00,4.37,6.30,55,"Rain, not freezing, continuous",4,Rain,TRUE
2016,42,3,2016,40,10-03-2016,27.50,28.30,86.71,89.00,7.04,12.80,61,"Rain, not freezing, continuous",3,Rain,TRUE
2016,43,3,2016,41,10-10-2016,27.39,27.90,87.00,90.00,9.07,22.70,51,"Rain, not freezing, continuous",2,Rain,TRUE
2016,44,1,2016,42,10-17-2016,27.51,27.90,88.29,90.00,8.30,15.00,53,"Rain, not freezing, continuous",2,Rain,TRUE
2016,45,5,2016,43,10-24-2016,26.83,27.40,88.71,91.00,21.01,35.10,61,"Rain, not freezing, continuous",4,Rain,TRUE
2016,46,3,2016,44,10-31-2016,26.77,27.20,90.00,93.00,31.44,109.00,61,"Rain, not freezing, continuous",3,Rain,TRUE
2016,47,0,2016,45,11-07-2016,27.69,27.80,82.57,85.00,2.40,9.90,51,"Rain, not freezing, continuous",5,Rain,TRUE
2016,48,2,2016,46,11-14-2016,27.43,27.70,86.86,89.00,9.19,17.90,61,"Rain, not freezing, continuous",3,Rain,TRUE
2016,49,2,2016,47,11-21-2016,27.79,28.40,85.29,88.00,4.20,11.20,51,"Rain, not freezing, continuous",3,Rain,TRUE
2016,50,1,2016,48,11-28-2016,27.49,28.30,87.29,92.00,14.06,61.20,63,"Rain, not freezing, continuous",3,Rain,TRUE
2016,51,3,2016,49,12-05-2016,27.20,27.50,87.71,89.00,8.03,13.30,55,"Rain, not freezing, continuous",3,Rain,TRUE
2016,52,1,2016,50,12-12-2016,27.09,27.50,87.57,89.00,15.04,24.20,63,"Rain, not freezing, continuous",5,Rain,TRUE
2017,1,2,2016,51,12-19-2016,27.74,28.00,85.14,87.00,3.21,8.30,53,"Rain, not freezing, continuous",3,Rain,TRUE
2017,2,3,2016,52,12-26-2016,27.56,28.00,85.86,88.00,6.69,13.20,53,"Rain, not freezing, continuous",2,Rain,TRUE
2017,3,6,2017,1,01-02-2017,27.01,27.60,84.00,87.00,3.46,18.20,51,"Rain, not freezing, continuous",4,Rain,TRUE
2017,4,2,2017,2,01-09-2017,26.94,27.20,84.43,88.00,3.16,9.10,51,"Rain, not freezing, continuous",3,Rain,TRUE
2017,5,1,2017,3,01-16-2017,26.43,27.00,86.29,89.00,10.23,18.20,63,"Rain, not freezing, continuous",4,Rain,TRUE
2017,6,2,2017,4,01-23-2017,26.71,27.00,79.00,88.00,2.43,6.70,3,"Rain, not freezing, continuous",2,Rain,TRUE
2017,7,3,2017,5,01-30-2017,26.76,27.00,84.43,90.00,2.09,7.90,51,"Rain, not freezing, continuous",2,Rain,TRUE
2017,8,1,2017,6,02-06-2017,26.94,27.10,77.86,84.00,0.90,1.90,53,"Drizzle, not freezing, continuous",5,Drizzle,TRUE
2017,9,1,2017,7,02-13-2017,26.61,27.10,74.86,88.00,1.19,3.40,3,"Rain, not freezing, continuous",3,Rain,TRUE
2017,10,1,2017,8,02-20-2017,27.06,27.80,81.57,85.00,4.63,23.60,3,"Rain, not freezing, continuous",3,Rain,TRUE
2017,11,2,2017,9,02-27-2017,27.14,27.50,80.00,84.00,1.61,3.40,51,"Rain, not freezing, continuous",3,Rain,TRUE
2017,12,1,2017,10,03-06-2017,26.13,26.70,85.43,89.00,16.37,45.00,63,"Rain, not freezing, continuous",4,Rain,TRUE
2017,13,1,2017,11,03-13-2017,26.57,26.80,84.71,88.00,4.04,8.70,63,"Rain, not freezing, continuous",3,Rain,TRUE
2017,14,1,2017,12,03-20-2017,27.00,27.50,83.29,86.00,2.56,13.80,51,"Rain, not freezing, continuous",4,Rain,TRUE
2017,15,3,2017,13,03-27-2017,26.80,27.40,85.43,89.00,8.69,18.80,63,"Rain, not freezing, continuous",4,Rain,TRUE
2017,16,2,2017,14,04-03-2017,26.97,27.20,85.14,88.00,2.64,7.70,53,"Rain, not freezing, continuous",3,Rain,TRUE
2017,17,5,2017,15,04-10-2017,27.20,27.50,84.00,88.00,3.09,16.30,51,"Rain, not freezing, continuous",3,Rain,TRUE
2017,18,2,2017,16,04-17-2017,27.24,27.60,86.57,88.00,4.76,8.10,61,"Rain, not freezing, continuous",3,Rain,TRUE
2017,19,2,2017,17,04-24-2017,27.46,27.80,85.29,87.00,3.67,13.40,53,"Rain, not freezing, continuous",4,Rain,TRUE
2017,20,0,2017,18,05-01-2017,27.41,28.00,85.86,88.00,10.19,26.30,61,"Rain, not freezing, continuous",2,Rain,TRUE
2017,21,1,2017,19,05-08-2017,27.33,28.10,86.14,89.00,8.30,20.10,55,"Rain, not freezing, continuous",2,Rain,TRUE
2017,22,3,2017,20,05-15-2017,27.49,27.80,86.86,88.00,6.30,10.50,63,"Rain, not freezing, continuous",4,Rain,TRUE
2017,23,4,2017,21,05-22-2017,27.59,28.10,86.43,88.00,3.70,6.50,51,"Rain, not freezing, continuous",2,Rain,TRUE
2017,24,5,2017,22,05-29-2017,27.24,27.60,87.57,90.00,7.91,11.00,63,"Rain, not freezing, continuous",5,Rain,TRUE
2017,25,4,2017,23,06-05-2017,27.33,27.80,85.71,87.00,7.14,25.10,61,"Rain, not freezing, continuous",3,Rain,TRUE
2017,26,11,2017,24,06-12-2017,26.96,27.40,86.14,89.00,5.83,13.30,61,"Rain, not freezing, continuous",2,Rain,TRUE
2017,27,14,2017,25,06-19-2017,26.61,27.10,86.71,88.00,9.00,16.40,63,"Rain, not freezing, continuous",4,Rain,TRUE
2017,28,1,2017,26,06-26-2017,26.74,27.10,86.71,88.00,5.17,16.40,53,"Rain, not freezing, continuous",2,Rain,TRUE
2017,29,3,2017,27,07-03-2017,26.61,27.20,86.43,90.00,5.74,23.10,3,"Rain, not freezing, continuous",2,Rain,TRUE
2017,30,5,2017,28,07-10-2017,26.47,26.90,87.71,89.00,4.61,7.90,61,"Rain, not freezing, continuous",3,Rain,TRUE
2017,31,4,2017,29,07-17-2017,26.47,27.00,86.86,89.00,9.84,26.80,61,"Rain, not freezing, continuous",3,Rain,TRUE
2017,32,4,2017,30,07-24-2017,27.30,27.80,86.29,89.00,1.96,8.10,51,"Rain, not freezing, continuous",4,Rain,TRUE
2017,33,4,2017,31,07-31-2017,27.14,27.90,87.29,89.00,6.81,16.50,63,"Rain, not freezing, continuous",3,Rain,TRUE
2017,34,1,2017,32,08-07-2017,26.57,26.80,88.00,89.00,5.99,10.30,61,"Rain, not freezing, continuous",3,Rain,TRUE
2017,35,0,2017,33,08-14-2017,26.33,27.10,88.43,91.00,12.81,28.70,63,"Rain, not freezing, continuous",4,Rain,TRUE
2017,36,1,2017,34,08-21-2017,26.53,26.80,87.43,90.00,9.09,14.80,63,"Rain, not freezing, continuous",4,Rain,TRUE
2017,37,0,2017,35,08-28-2017,26.93,27.20,87.14,89.00,2.70,5.40,53,"Rain, not freezing, continuous",3,Rain,TRUE
2017,38,1,2017,36,09-04-2017,27.03,27.50,86.86,88.00,5.73,11.50,63,"Rain, not freezing, continuous",3,Rain,TRUE
2017,39,0,2017,37,09-11-2017,26.94,27.50,87.29,90.00,9.41,26.10,61,"Rain, not freezing, continuous",2,Rain,TRUE
2017,40,1,2017,38,09-18-2017,26.49,27.10,87.57,90.00,14.10,43.50,61,"Rain, not freezing, continuous",3,Rain,TRUE
2017,41,2,2017,39,09-25-2017,26.83,27.80,87.29,91.00,6.49,23.30,53,"Rain, not freezing, continuous",2,Rain,TRUE
2017,42,1,2017,40,10-02-2017,26.87,27.40,86.43,89.00,3.80,13.70,51,"Rain, not freezing, continuous",3,Rain,TRUE
2017,43,0,2017,41,10-09-2017,27.19,27.80,87.00,91.00,8.93,21.30,63,"Rain, not freezing, continuous",4,Rain,TRUE
2017,44,1,2017,42,10-16-2017,27.04,27.90,86.14,89.00,14.94,24.20,63,"Rain, not freezing, continuous",6,Rain,TRUE
2017,45,1,2017,43,10-23-2017,26.66,27.20,87.14,90.00,11.33,24.90,63,"Rain, not freezing, continuous",3,Rain,TRUE
2017,46,0,2017,44,10-30-2017,26.83,27.20,87.29,91.00,2.81,5.20,61,"Rain, not freezing, continuous",4,Rain,TRUE
2017,47,0,2017,45,11-06-2017,26.76,27.10,88.43,90.00,6.50,17.60,61,"Rain, not freezing, continuous",2,Rain,TRUE
2017,48,0,2017,46,11-13-2017,26.71,27.40,87.29,90.00,8.61,12.50,63,"Rain, not freezing, continuous",6,Rain,TRUE
2017,49,0,2017,47,11-20-2017,27.20,27.60,87.71,90.00,2.21,5.40,51,"Rain, not freezing, continuous",3,Rain,TRUE
2017,50,1,2017,48,11-27-2017,27.29,27.60,86.86,90.00,1.74,5.10,51,"Rain, not freezing, continuous",4,Rain,TRUE
2017,51,0,2017,49,12-04-2017,27.17,27.40,86.14,89.00,3.27,8.40,53,"Rain, not freezing, continuous",2,Rain,TRUE
2017,52,1,2017,50,12-11-2017,26.49,27.30,86.00,90.00,18.21,78.40,51,"Rain, not freezing, continuous",2,Rain,TRUE
2018,1,2,2017,51,12-18-2017,26.60,26.80,87.71,90.00,7.43,23.50,61,"Rain, not freezing, continuous",4,Rain,TRUE
2018,2,1,2017,52,12-25-2017,27.10,27.40,83.86,87.00,2.03,6.10,51,"Rain, not freezing, continuous",3,Rain,TRUE
2018,3,1,2018,1,01-01-2018,26.89,27.30,86.71,89.00,2.26,6.30,51,"Rain, not freezing, continuous",2,Rain,TRUE
2018,4,2,2018,2,01-08-2018,26.61,27.10,87.14,90.00,7.54,30.20,53,"Rain, not freezing, continuous",2,Rain,TRUE
2018,5,3,2018,3,01-15-2018,26.14,26.70,87.43,90.00,6.37,14.70,63,"Rain, not freezing, continuous",3,Rain,TRUE
2018,6,5,2018,4,01-22-2018,26.46,26.60,87.00,89.00,4.60,11.30,63,"Rain, not freezing, continuous",3,Rain,TRUE
2018,7,3,2018,5,01-29-2018,26.59,27.00,84.71,88.00,3.93,10.60,63,"Rain, not freezing, continuous",3,Rain,TRUE
2018,8,2,2018,6,02-05-2018,26.63,26.80,80.57,87.00,4.97,22.80,3,"Rain, not freezing, continuous",3,Rain,TRUE
2018,9,0,2018,7,02-12-2018,26.59,27.30,86.00,89.00,8.07,29.70,53,"Rain, not freezing, continuous",2,Rain,TRUE
2018,10,1,2018,8,02-19-2018,27.04,27.50,82.29,87.00,2.14,5.50,51,"Rain, not freezing, continuous",3,Rain,TRUE
2018,11,0,2018,9,02-26-2018,26.87,27.20,86.29,90.00,2.83,8.50,51,"Rain, not freezing, continuous",4,Rain,TRUE
2018,12,1,2018,10,03-05-2018,27.14,27.50,81.43,90.00,0.87,2.50,3,"Drizzle, not freezing, continuous",2,Drizzle,TRUE
2018,13,0,2018,11,03-12-2018,27.70,28.00,78.14,81.00,0.89,2.60,53,"Drizzle, not freezing, continuous",3,Drizzle,TRUE
2018,14,0,2018,12,03-19-2018,27.00,27.70,82.14,85.00,3.87,15.30,51,"Rain, not freezing, continuous",4,Rain,TRUE
2018,15,0,2018,13,03-26-2018,26.94,27.70,78.14,83.00,1.79,4.60,51,"Rain, not freezing, continuous",3,Rain,TRUE
2018,16,0,2018,14,04-02-2018,27.10,27.50,81.29,83.00,1.60,3.10,51,"Rain, not freezing, continuous",3,Rain,TRUE
2018,17,2,2018,15,04-09-2018,27.84,28.20,81.86,84.00,2.03,8.70,51,"Rain, not freezing, continuous",3,Rain,TRUE
2018,18,2,2018,16,04-16-2018,27.03,27.30,87.00,90.00,7.90,24.00,61,"Rain, not freezing, continuous",5,Rain,TRUE
2018,19,2,2018,17,04-23-2018,27.20,27.60,86.00,88.00,5.76,12.20,61,"Rain, not freezing, continuous",3,Rain,TRUE
2018,20,1,2018,18,04-30-2018,27.19,27.60,85.71,87.00,5.40,12.90,61,"Rain, not freezing, continuous",4,Rain,TRUE
2018,21,3,2018,19,05-07-2018,27.34,27.60,85.43,87.00,2.67,7.00,53,"Rain, not freezing, continuous",4,Rain,TRUE
2018,22,4,2018,20,05-14-2018,27.19,27.50,86.14,88.00,7.01,12.40,61,"Rain, not freezing, continuous",3,Rain,TRUE
2018,23,1,2018,21,05-21-2018,27.44,28.30,87.14,90.00,5.67,8.80,61,"Rain, not freezing, continuous",3,Rain,TRUE
2018,24,5,2018,22,05-28-2018,26.76,27.30,88.00,91.00,10.91,18.80,63,"Rain, not freezing, continuous",4,Rain,TRUE
2018,25,8,2018,23,06-04-2018,27.79,28.00,85.14,87.00,1.43,2.70,53,"Drizzle, not freezing, continuous",4,Drizzle,TRUE
2018,26,2,2018,24,06-11-2018,27.44,27.70,84.86,87.00,1.30,2.70,3,"Rain, not freezing, continuous",2,Rain,TRUE
2018,27,5,2018,25,06-18-2018,27.06,27.90,85.00,90.00,2.14,8.20,51,"Rain, not freezing, continuous",5,Rain,TRUE
2018,28,3,2018,26,06-25-2018,26.49,26.90,87.00,89.00,3.80,8.90,51,"Rain, not freezing, continuous",3,Rain,TRUE
2018,29,4,2018,27,07-02-2018,26.43,27.20,87.14,89.00,6.29,11.00,51,"Rain, not freezing, continuous",2,Rain,TRUE
2018,30,7,2018,28,07-09-2018,26.63,27.30,88.29,91.00,6.77,22.40,51,"Rain, not freezing, continuous",2,Rain,TRUE
2018,31,2,2018,29,07-16-2018,27.41,28.10,86.71,91.00,2.36,10.60,51,"Rain, not freezing, continuous",5,Rain,TRUE
2018,32,2,2018,30,07-23-2018,27.49,27.60,85.57,88.00,1.03,2.50,51,"Drizzle, not freezing, continuous",4,Drizzle,TRUE
2018,33,4,2018,31,07-30-2018,26.34,27.20,88.29,91.00,12.20,31.60,63,"Rain, not freezing, continuous",3,Rain,TRUE
2018,34,2,2018,32,08-06-2018,27.00,27.50,86.14,89.00,2.73,5.80,53,"Drizzle, not freezing, continuous",3,Drizzle,TRUE
2018,35,3,2018,33,08-13-2018,27.36,27.70,84.86,88.00,1.81,5.00,51,"Rain, not freezing, continuous",4,Rain,TRUE
2018,36,1,2018,34,08-20-2018,27.06,27.70,85.29,89.00,2.74,6.10,51,"Rain, not freezing, continuous",3,Rain,TRUE
2018,37,3,2018,35,08-27-2018,26.94,27.20,84.86,87.00,4.31,11.40,61,"Rain, not freezing, continuous",2,Rain,TRUE
2018,38,3,2018,36,09-03-2018,26.64,26.90,87.00,88.00,5.76,14.60,53,"Rain, not freezing, continuous",3,Rain,TRUE
2018,39,3,2018,37,09-10-2018,26.47,27.50,86.71,89.00,10.96,28.00,61,"Rain, not freezing, continuous",4,Rain,TRUE
2018,40,3,2018,38,09-17-2018,26.83,27.30,86.43,88.00,8.83,33.30,63,"Rain, not freezing, continuous",4,Rain,TRUE
2018,41,2,2018,39,09-24-2018,26.83,27.10,86.00,89.00,3.13,11.00,3,"Rain, not freezing, continuous",2,Rain,TRUE
2018,42,3,2018,40,10-01-2018,27.23,27.50,85.00,89.00,1.14,3.80,51,"Drizzle, not freezing, continuous",4,Drizzle,TRUE
2018,43,2,2018,41,10-08-2018,27.11,27.70,87.29,89.00,2.46,6.70,51,"Rain, not freezing, continuous",4,Rain,TRUE
2018,44,1,2018,42,10-15-2018,26.60,27.10,87.86,90.00,8.11,16.00,63,"Rain, not freezing, continuous",4,Rain,TRUE
2018,45,1,2018,43,10-22-2018,26.86,27.20,85.57,89.00,4.79,16.60,53,"Rain, not freezing, continuous",2,Rain,TRUE
2018,46,3,2018,44,10-29-2018,27.19,27.60,85.86,89.00,2.77,8.20,51,"Rain, not freezing, continuous",3,Rain,TRUE
2018,47,4,2018,45,11-05-2018,27.10,27.60,87.14,90.00,6.26,17.10,51,"Rain, not freezing, continuous",3,Rain,TRUE
2018,48,1,2018,46,11-12-2018,26.71,27.50,86.71,91.00,6.36,15.20,63,"Rain, not freezing, continuous",3,Rain,TRUE
2018,49,3,2018,47,11-19-2018,26.84,27.30,83.14,87.00,1.07,1.80,51,"Drizzle, not freezing, continuous",3,Drizzle,TRUE
2018,50,1,2018,48,11-26-2018,27.21,27.40,84.00,87.00,1.19,3.00,51,"Drizzle, not freezing, continuous",4,Drizzle,TRUE
2018,51,1,2018,49,12-03-2018,27.46,27.80,84.86,88.00,1.57,3.20,53,"Drizzle, not freezing, continuous",6,Drizzle,TRUE
2018,52,4,2018,50,12-10-2018,27.44,28.00,82.29,85.00,0.69,2.00,51,"Drizzle, not freezing, continuous",3,Drizzle,TRUE
2019,1,4,2018,51,12-17-2018,26.79,27.40,85.57,89.00,1.97,4.10,51,"Rain, not freezing, continuous",4,Rain,TRUE
2019,2,8,2018,52,12-24-2018,26.90,27.50,84.57,90.00,3.20,17.00,51,"Rain, not freezing, continuous",4,Rain,TRUE
2019,3,4,2019,1,12-31-2018,27.11,27.30,81.00,84.00,0.66,1.70,51,"Drizzle, not freezing, continuous",4,Drizzle,TRUE
2019,4,9,2019,2,01-07-2019,26.91,27.30,76.00,80.00,0.39,2.30,3,"Drizzle, not freezing, continuous",2,Drizzle,FALSE
2019,5,3,2019,3,01-14-2019,27.13,27.40,74.86,81.00,1.20,7.20,3,"Rain, not freezing, continuous",4,Rain,TRUE
2019,6,6,2019,4,01-21-2019,26.96,27.60,81.43,89.00,6.39,16.30,51,"Rain, not freezing, continuous",2,Rain,TRUE
2019,7,6,2019,5,01-28-2019,26.46,26.90,74.86,80.00,0.19,0.80,51,"Drizzle, not freezing, continuous",4,Drizzle,TRUE
2019,8,1,2019,6,02-04-2019,26.76,27.20,81.14,84.00,0.71,2.40,51,"Drizzle, not freezing, continuous",5,Drizzle,TRUE
2019,9,1,2019,7,02-11-2019,26.73,27.20,75.14,81.00,0.81,4.70,51,"Rain, not freezing, continuous",3,Rain,TRUE
2019,10,7,2019,8,02-18-2019,26.96,27.20,76.14,81.00,0.21,0.50,51,"Drizzle, not freezing, continuous",5,Drizzle,TRUE
2019,11,2,2019,9,02-25-2019,26.79,27.40,71.14,78.00,0.67,3.20,3,"Drizzle, not freezing, continuous",4,Drizzle,FALSE
2019,12,2,2019,10,03-04-2019,27.24,28.00,80.00,85.00,2.66,13.50,51,"Rain, not freezing, continuous",5,Rain,TRUE
2019,13,2,2019,11,03-11-2019,27.34,27.80,72.57,77.00,0.41,1.90,3,"Drizzle, not freezing, continuous",4,Drizzle,FALSE
2019,14,3,2019,12,03-18-2019,27.23,28.00,80.00,84.00,4.66,18.30,51,"Rain, not freezing, continuous",4,Rain,TRUE
2019,15,5,2019,13,03-25-2019,27.07,27.60,81.71,85.00,2.81,10.00,51,"Rain, not freezing, continuous",5,Rain,TRUE
2019,16,3,2019,14,04-01-2019,27.33,27.70,79.29,82.00,1.73,3.80,51,"Rain, not freezing, continuous",3,Rain,TRUE
2019,17,2,2019,15,04-08-2019,27.74,28.00,82.00,85.00,1.97,5.60,51,"Rain, not freezing, continuous",4,Rain,TRUE
2019,18,5,2019,16,04-15-2019,27.93,28.10,79.14,81.00,0.99,1.90,51,"Drizzle, not freezing, continuous",5,Drizzle,TRUE
2019,19,8,2019,17,04-22-2019,28.57,29.10,78.29,82.00,1.87,7.00,51,"Rain, not freezing, continuous",5,Rain,TRUE
2019,20,9,2019,18,04-29-2019,27.77,28.60,81.29,85.00,2.54,12.90,51,"Rain, not freezing, continuous",5,Rain,TRUE
2019,21,6,2019,19,05-06-2019,28.86,29.30,77.00,80.00,1.16,2.80,53,"Drizzle, not freezing, continuous",3,Drizzle,TRUE
2019,22,11,2019,20,05-13-2019,28.30,28.80,81.00,84.00,2.00,6.40,51,"Rain, not freezing, continuous",4,Rain,TRUE
2019,23,14,2019,21,05-20-2019,28.31,28.90,78.71,83.00,1.61,4.10,51,"Rain, not freezing, continuous",3,Rain,TRUE
2019,24,9,2019,22,05-27-2019,28.20,28.60,80.43,83.00,1.66,3.00,51,"Rain, not freezing, continuous",5,Rain,TRUE
2019,25,9,2019,23,06-03-2019,27.37,27.90,85.00,88.00,6.14,15.00,61,"Rain, not freezing, continuous",3,Rain,TRUE
2019,26,16,2019,24,06-10-2019,27.49,28.10,86.43,90.00,5.34,17.90,61,"Rain, not freezing, continuous",3,Rain,TRUE
2019,27,15,2019,25,06-17-2019,27.07,27.80,87.71,91.00,4.46,10.00,51,"Rain, not freezing, continuous",2,Rain,TRUE
2019,28,16,2019,26,06-24-2019,27.21,27.70,87.29,89.00,2.31,5.40,51,"Rain, not freezing, continuous",3,Rain,TRUE
2019,29,18,2019,27,07-01-2019,26.74,27.50,86.71,88.00,9.41,32.60,51,"Rain, not freezing, continuous",3,Rain,TRUE
2019,30,14,2019,28,07-08-2019,26.00,26.90,88.71,92.00,8.79,20.10,61,"Rain, not freezing, continuous",3,Rain,TRUE
2019,31,13,2019,29,07-15-2019,26.91,27.40,86.00,89.00,3.51,7.60,51,"Rain, not freezing, continuous",4,Rain,TRUE
2019,32,15,2019,30,07-22-2019,26.36,26.90,88.29,90.00,6.06,12.90,61,"Rain, not freezing, continuous",3,Rain,TRUE
2019,33,14,2019,31,07-29-2019,26.93,27.40,85.86,89.00,1.79,4.10,51,"Rain, not freezing, continuous",4,Rain,TRUE
2019,34,14,2019,32,08-05-2019,27.24,27.50,84.00,86.00,1.64,4.90,51,"Drizzle, not freezing, continuous",4,Drizzle,TRUE
2019,35,25,2019,33,08-12-2019,27.21,27.60,85.43,88.00,2.91,10.20,3,"Rain, not freezing, continuous",2,Rain,TRUE
2019,36,11,2019,34,08-19-2019,27.13,27.80,84.43,88.00,2.59,9.80,51,"Rain, not freezing, continuous",3,Rain,TRUE
2019,37,10,2019,35,08-26-2019,26.44,27.00,87.43,91.00,9.87,21.40,61,"Rain, not freezing, continuous",5,Rain,TRUE
2019,38,10,2019,36,09-02-2019,26.97,27.80,87.43,91.00,1.77,7.30,51,"Rain, not freezing, continuous",3,Rain,TRUE
2019,39,5,2019,37,09-09-2019,27.10,27.80,83.86,87.00,8.49,28.30,51,"Rain, not freezing, continuous",3,Rain,TRUE
2019,40,8,2019,38,09-16-2019,27.03,27.20,84.29,87.00,0.27,0.90,51,"Drizzle, not freezing, continuous",5,Drizzle,TRUE
2019,41,5,2019,39,09-23-2019,26.94,27.20,87.57,89.00,2.20,7.70,51,"Rain, not freezing, continuous",3,Rain,TRUE
2019,42,5,2019,40,09-30-2019,26.86,27.70,85.29,89.00,2.40,6.00,51,"Rain, not freezing, continuous",2,Rain,TRUE
2019,43,6,2019,41,10-07-2019,26.99,27.40,85.86,90.00,1.27,4.30,51,"Drizzle, not freezing, continuous",4,Drizzle,TRUE
2019,44,7,2019,42,10-14-2019,27.14,27.70,85.86,89.00,1.79,5.60,51,"Rain, not freezing, continuous",5,Rain,TRUE
2019,45,0,2019,43,10-21-2019,26.87,27.30,87.14,90.00,4.09,11.70,51,"Rain, not freezing, continuous",3,Rain,TRUE
2019,46,8,2019,44,10-28-2019,26.54,26.90,87.71,89.00,6.59,10.60,61,"Rain, not freezing, continuous",3,Rain,TRUE
2019,47,0,2019,45,11-04-2019,26.93,27.20,85.86,88.00,4.26,19.60,51,"Rain, not freezing, continuous",3,Rain,TRUE
2019,48,5,2019,46,11-11-2019,27.39,27.70,83.57,86.00,4.26,24.80,3,"Rain, not freezing, continuous",2,Rain,TRUE
2019,49,2,2019,47,11-18-2019,27.30,27.60,85.00,87.00,4.09,17.70,51,"Rain, not freezing, continuous",3,Rain,TRUE
2019,50,3,2019,48,11-25-2019,27.41,28.20,81.57,87.00,1.33,3.70,51,"Drizzle, not freezing, continuous",3,Drizzle,TRUE
2019,51,1,2019,49,12-02-2019,27.53,27.80,82.29,86.00,0.47,1.10,51,"Drizzle, not freezing, continuous",5,Drizzle,TRUE
2019,52,2,2019,50,12-09-2019,27.21,27.70,83.43,87.00,2.60,4.80,53,"Rain, not freezing, continuous",3,Rain,TRUE
2020,1,0,2019,51,12-16-2019,27.23,27.80,82.43,85.00,3.03,12.10,51,"Rain, not freezing, continuous",3,Rain,TRUE
2020,2,2,2019,52,12-23-2019,27.29,27.50,82.00,84.00,2.00,5.10,51,"Rain, not freezing, continuous",2,Rain,TRUE
2020,3,1,2020,1,12-30-2019,28.04,28.50,71.57,76.00,1.07,6.80,3,"Rain, not freezing, continuous",4,Rain,TRUE
2020,4,1,2020,2,01-06-2020,27.16,28.00,81.86,87.00,2.47,7.10,51,"Rain, not freezing, continuous",3,Rain,TRUE
2020,5,2,2020,3,01-13-2020,27.44,28.30,80.86,86.00,1.49,6.20,51,"Rain, not freezing, continuous",4,Rain,TRUE
2020,6,2,2020,4,01-20-2020,27.51,27.70,76.57,83.00,0.93,1.50,51,"Drizzle, not freezing, continuous",6,Drizzle,TRUE
2020,7,0,2020,5,01-27-2020,27.61,28.00,77.00,83.00,1.36,3.90,51,"Rain, not freezing, continuous",3,Rain,TRUE
2020,8,0,2020,6,02-03-2020,27.34,28.00,75.00,88.00,4.10,14.10,3,"Rain, not freezing, continuous",2,Rain,TRUE
2020,9,0,2020,7,02-10-2020,27.69,28.20,75.43,81.00,0.64,2.00,3,"Drizzle, not freezing, continuous",3,Drizzle,TRUE
2020,10,0,2020,8,02-17-2020,28.00,28.20,66.71,74.00,0.41,1.40,51,"Drizzle, not freezing, continuous",4,Drizzle,TRUE
2020,11,1,2020,9,02-24-2020,28.24,28.80,73.86,81.00,1.04,5.20,3,"Rain, not freezing, continuous",3,Rain,TRUE
2020,12,1,2020,10,03-02-2020,27.57,28.70,80.57,87.00,6.71,19.50,53,"Rain, not freezing, continuous",2,Rain,TRUE
2020,13,0,2020,11,03-09-2020,27.31,27.70,81.57,86.00,1.10,4.80,51,"Rain, not freezing, continuous",4,Rain,TRUE
2020,14,0,2020,12,03-16-2020,27.50,27.90,78.43,82.00,1.21,2.70,51,"Drizzle, not freezing, continuous",5,Drizzle,TRUE
2020,15,0,2020,13,03-23-2020,27.76,28.10,80.14,83.00,0.87,1.70,51,"Drizzle, not freezing, continuous",6,Drizzle,TRUE
2020,16,0,2020,14,03-30-2020,27.93,28.40,79.57,82.00,1.24,2.80,51,"Drizzle, not freezing, continuous",5,Drizzle,TRUE
2020,17,0,2020,15,04-06-2020,28.26,28.50,76.29,81.00,0.89,1.50,51,"Drizzle, not freezing, continuous",4,Drizzle,TRUE
2020,18,0,2020,16,04-13-2020,28.66,29.80,75.43,81.00,1.14,3.10,51,"Rain, not freezing, continuous",4,Rain,TRUE
2020,19,0,2020,17,04-20-2020,28.20,28.50,81.86,84.00,2.77,5.90,51,"Rain, not freezing, continuous",2,Rain,TRUE
2020,20,0,2020,18,04-27-2020,28.06,28.80,81.71,87.00,2.66,10.90,51,"Rain, not freezing, continuous",3,Rain,TRUE
2020,21,0,2020,19,05-04-2020,28.74,29.50,79.86,83.00,2.11,4.90,51,"Rain, not freezing, continuous",2,Rain,TRUE
2020,22,0,2020,20,05-11-2020,28.31,28.70,83.57,85.00,2.70,6.90,51,"Rain, not freezing, continuous",4,Rain,TRUE
2020,23,0,2020,21,05-18-2020,28.03,28.70,83.57,87.00,4.20,8.70,61,"Rain, not freezing, continuous",4,Rain,TRUE
2020,24,0,2020,22,05-25-2020,27.41,27.80,86.00,88.00,3.74,5.80,53,"Rain, not freezing, continuous",2,Rain,TRUE
2020,25,0,2020,23,06-01-2020,26.93,27.50,87.57,89.00,8.09,14.10,61,"Rain, not freezing, continuous",5,Rain,TRUE
2020,26,0,2020,24,06-08-2020,26.87,28.10,86.86,89.00,7.64,21.30,61,"Rain, not freezing, continuous",3,Rain,TRUE
2020,27,0,2020,25,06-15-2020,27.13,27.50,86.86,89.00,4.86,16.20,51,"Rain, not freezing, continuous",3,Rain,TRUE
2020,28,1,2020,26,06-22-2020,26.60,27.50,88.00,91.00,9.67,24.40,63,"Rain, not freezing, continuous",3,Rain,TRUE
2020,29,1,2020,27,06-29-2020,26.69,27.30,86.29,90.00,6.86,12.90,63,"Rain, not freezing, continuous",3,Rain,TRUE
2020,30,0,2020,28,07-06-2020,26.56,27.10,87.43,91.00,9.47,40.70,53,"Rain, not freezing, continuous",2,Rain,TRUE
2020,31,1,2020,29,07-13-2020,26.86,27.70,87.00,90.00,6.51,25.50,51,"Rain, not freezing, continuous",2,Rain,TRUE
2020,32,0,2020,30,07-20-2020,26.61,27.00,88.14,90.00,8.30,17.20,63,"Rain, not freezing, continuous",4,Rain,TRUE
2020,33,2,2020,31,07-27-2020,26.63,27.30,87.43,91.00,6.29,9.20,61,"Rain, not freezing, continuous",3,Rain,TRUE
2020,34,0,2020,32,08-03-2020,26.87,27.80,87.86,91.00,11.79,28.20,53,"Rain, not freezing, continuous",2,Rain,TRUE
2020,35,1,2020,33,08-10-2020,27.24,28.10,84.29,92.00,7.81,50.90,51,"Rain, not freezing, continuous",4,Rain,TRUE
2020,36,0,2020,34,08-17-2020,26.89,27.50,86.57,89.00,5.21,11.60,51,"Rain, not freezing, continuous",2,Rain,TRUE
2020,37,0,2020,35,08-24-2020,27.16,27.50,86.43,88.00,1.77,9.10,51,"Rain, not freezing, continuous",6,Rain,TRUE
2020,38,0,2020,36,08-31-2020,27.36,27.50,85.86,88.00,2.53,7.50,51,"Rain, not freezing, continuous",2,Rain,TRUE
2020,39,0,2020,37,09-07-2020,27.10,27.40,86.71,89.00,3.99,8.00,53,"Rain, not freezing, continuous",2,Rain,TRUE
2020,40,1,2020,38,09-14-2020,26.57,27.70,87.29,91.00,15.46,56.60,51,"Rain, not freezing, continuous",2,Rain,TRUE
2020,41,1,2020,39,09-21-2020,27.10,27.60,86.43,89.00,3.51,7.10,55,"Rain, not freezing, continuous",3,Rain,TRUE
2020,42,0,2020,40,09-28-2020,27.17,27.70,85.29,88.00,2.69,8.80,51,"Rain, not freezing, continuous",3,Rain,TRUE
2020,43,0,2020,41,10-05-2020,26.81,27.40,87.29,89.00,8.53,17.30,61,"Rain, not freezing, continuous",3,Rain,TRUE
2020,44,0,2020,42,10-12-2020,26.57,27.30,87.71,90.00,17.29,24.20,63,"Rain, not freezing, continuous",6,Rain,TRUE
2020,45,0,2020,43,10-19-2020,26.66,27.40,88.14,91.00,10.93,24.20,61,"Rain, not freezing, continuous",3,Rain,TRUE
2020,46,0,2020,44,10-26-2020,26.74,27.40,87.71,91.00,11.10,24.40,61,"Rain, not freezing, continuous",3,Rain,TRUE
2020,47,1,2020,45,11-02-2020,26.67,27.00,88.43,90.00,6.66,24.50,63,"Rain, not freezing, continuous",3,Rain,TRUE
2020,48,1,2020,46,11-09-2020,27.03,27.60,87.14,90.00,2.70,7.30,51,"Rain, not freezing, continuous",3,Rain,TRUE
2020,49,0,2020,47,11-16-2020,27.16,27.40,87.14,88.00,2.53,7.50,51,"Rain, not freezing, continuous",3,Rain,TRUE
2020,50,1,2020,48,11-23-2020,27.01,27.40,86.57,88.00,4.14,13.40,51,"Rain, not freezing, continuous",2,Rain,TRUE
2020,51,0,2020,49,11-30-2020,26.99,27.30,86.71,88.00,8.53,24.00,63,"Rain, not freezing, continuous",3,Rain,TRUE
2020,52,1,2020,50,12-07-2020,26.90,27.40,88.00,89.00,3.26,7.80,51,"Rain, not freezing, continuous",2,Rain,TRUE
2021,1,4,2020,52,12-21-2020,26.74,27.30,86.43,90.00,4.41,13.70,51,"Rain, not freezing, continuous",4,Rain,TRUE
2021,2,8,2020,53,12-28-2020,26.63,26.90,86.71,89.00,4.81,11.60,53,"Rain, not freezing, continuous",3,Rain,TRUE
2021,3,4,2021,1,01-04-2021,26.60,26.90,86.00,88.00,2.93,8.70,51,"Rain, not freezing, continuous",4,Rain,TRUE
2021,4,9,2021,2,01-11-2021,26.07,26.60,88.86,91.00,13.19,25.40,63,"Rain, not freezing, continuous",4,Rain,TRUE
2021,5,3,2021,3,01-18-2021,26.07,26.60,88.57,90.00,8.79,24.90,61,"Rain, not freezing, continuous",2,Rain,TRUE
2021,6,6,2021,4,01-25-2021,26.86,27.20,81.71,90.00,0.61,1.90,51,"Drizzle, not freezing, continuous",4,Drizzle,TRUE
2021,7,6,2021,5,02-01-2021,26.97,27.30,81.14,85.00,1.54,5.90,51,"Rain, not freezing, continuous",4,Rain,TRUE
2021,8,1,2021,6,02-08-2021,26.74,27.00,86.57,88.00,1.46,3.00,51,"Drizzle, not freezing, continuous",4,Drizzle,TRUE
2021,9,1,2021,7,02-15-2021,26.69,27.10,79.14,87.00,8.16,26.40,3,"Rain, not freezing, continuous",2,Rain,TRUE
2021,10,7,2021,8,02-22-2021,26.51,27.00,86.57,89.00,2.70,9.70,51,"Rain, not freezing, continuous",3,Rain,TRUE
2021,11,2,2021,9,03-01-2021,26.97,27.10,83.14,87.00,1.04,2.30,53,"Drizzle, not freezing, continuous",3,Drizzle,TRUE
2021,12,2,2021,10,03-08-2021,26.27,27.10,86.00,90.00,8.81,22.90,63,"Rain, not freezing, continuous",3,Rain,TRUE
2021,13,2,2021,11,03-15-2021,27.03,27.70,86.14,90.00,2.47,10.20,51,"Rain, not freezing, continuous",4,Rain,TRUE
2021,14,3,2021,12,03-22-2021,27.41,27.70,83.29,84.00,2.40,10.10,51,"Rain, not freezing, continuous",6,Rain,TRUE
2021,15,5,2021,13,03-29-2021,26.90,27.90,87.43,92.00,7.26,18.70,61,"Rain, not freezing, continuous",2,Rain,TRUE
2021,16,3,2021,14,04-05-2021,26.94,27.30,85.71,89.00,4.04,13.20,51,"Rain, not freezing, continuous",2,Rain,TRUE
2021,17,2,2021,15,04-12-2021,27.30,27.60,83.57,87.00,5.01,11.20,63,"Rain, not freezing, continuous",3,Rain,TRUE
2021,18,5,2021,16,04-19-2021,27.61,28.20,80.71,83.00,0.90,4.00,3,"Drizzle, not freezing, continuous",4,Drizzle,FALSE
2021,19,8,2021,17,04-26-2021,27.14,27.60,85.71,88.00,3.14,9.60,53,"Rain, not freezing, continuous",3,Rain,TRUE
2021,20,9,2021,18,05-03-2021,27.71,28.60,82.86,86.00,5.51,22.60,3,"Rain, not freezing, continuous",2,Rain,TRUE
2021,21,6,2021,19,05-10-2021,27.34,28.10,85.29,89.00,3.90,10.40,3,"Rain, not freezing, continuous",2,Rain,TRUE
2021,22,11,2021,20,05-17-2021,27.17,28.10,86.14,89.00,9.50,15.60,61,"Rain, not freezing, continuous",4,Rain,TRUE
2021,23,14,2021,21,05-24-2021,27.51,27.90,84.14,88.00,2.51,5.60,61,"Rain, not freezing, continuous",3,Rain,TRUE
2021,24,9,2021,22,05-31-2021,27.34,27.70,86.71,90.00,4.47,11.20,61,"Rain, not freezing, continuous",3,Rain,TRUE
2021,25,9,2021,23,06-07-2021,26.97,27.40,86.43,89.00,3.19,13.20,51,"Rain, not freezing, continuous",3,Rain,TRUE
2021,26,16,2021,24,06-14-2021,26.83,27.10,87.14,90.00,3.89,7.10,55,"Rain, not freezing, continuous",2,Rain,TRUE
2021,27,15,2021,25,06-21-2021,26.83,27.30,86.43,89.00,4.26,10.50,63,"Rain, not freezing, continuous",4,Rain,TRUE
2021,28,16,2021,26,06-28-2021,26.53,26.80,88.29,89.00,7.07,12.50,61,"Rain, not freezing, continuous",5,Rain,TRUE
2021,29,18,2021,27,07-05-2021,26.79,27.20,86.86,91.00,6.63,14.80,63,"Rain, not freezing, continuous",3,Rain,TRUE
2021,30,14,2021,28,07-12-2021,26.84,27.40,86.86,89.00,5.44,10.30,51,"Rain, not freezing, continuous",2,Rain,TRUE
2021,31,13,2021,29,07-19-2021,27.70,28.10,84.86,88.00,1.37,3.30,3,"Drizzle, not freezing, continuous",2,Drizzle,TRUE
2021,32,15,2021,30,07-26-2021,27.76,28.00,85.29,86.00,0.80,2.60,51,"Drizzle, not freezing, continuous",4,Drizzle,TRUE
2021,33,14,2021,31,08-02-2021,27.66,28.10,84.57,87.00,3.09,8.60,53,"Rain, not freezing, continuous",3,Rain,TRUE
2021,34,14,2021,32,08-09-2021,27.00,27.60,87.14,89.00,3.69,9.50,53,"Rain, not freezing, continuous",5,Rain,TRUE
2021,35,25,2021,33,08-16-2021,26.73,27.50,87.14,89.00,6.21,10.50,61,"Rain, not freezing, continuous",3,Rain,TRUE
2021,36,11,2021,34,08-23-2021,26.29,26.70,88.43,90.00,9.76,20.40,63,"Rain, not freezing, continuous",4,Rain,TRUE
2021,37,10,2021,35,08-30-2021,26.93,27.40,86.71,90.00,5.06,23.20,51,"Rain, not freezing, continuous",3,Rain,TRUE
2021,38,10,2021,36,09-06-2021,26.67,27.30,87.00,90.00,7.11,17.20,61,"Rain, not freezing, continuous",4,Rain,TRUE
2021,39,5,2021,37,09-13-2021,26.86,27.30,85.14,87.00,5.16,12.50,61,"Rain, not freezing, continuous",4,Rain,TRUE
2021,40,8,2021,38,09-20-2021,26.47,27.00,88.14,90.00,5.37,16.10,63,"Rain, not freezing, continuous",3,Rain,TRUE
2021,41,5,2021,39,09-27-2021,27.40,27.60,84.86,87.00,3.33,11.40,3,"Rain, not freezing, continuous",2,Rain,TRUE
2021,42,5,2021,40,10-04-2021,27.23,27.60,86.43,88.00,3.96,16.80,3,"Rain, not freezing, continuous",2,Rain,TRUE
2021,43,6,2021,41,10-11-2021,27.60,27.90,85.14,89.00,4.40,11.40,51,"Rain, not freezing, continuous",2,Rain,TRUE
2021,44,7,2021,42,10-18-2021,26.69,27.20,86.71,89.00,14.00,33.90,65,"Rain, not freezing, continuous",3,Rain,TRUE
2021,45,0,2021,43,10-25-2021,27.37,27.60,84.71,87.00,2.81,8.80,51,"Rain, not freezing, continuous",3,Rain,TRUE
2021,46,2,2021,44,11-01-2021,27.00,27.40,86.71,88.00,6.71,10.80,63,"Rain, not freezing, continuous",4,Rain,TRUE
2021,47,0,2021,45,11-08-2021,26.99,27.40,86.71,88.00,8.66,24.50,63,"Rain, not freezing, continuous",3,Rain,TRUE
2021,48,5,2021,46,11-15-2021,26.76,27.50,86.71,88.00,6.40,25.70,53,"Rain, not freezing, continuous",2,Rain,TRUE
2021,49,2,2021,47,11-22-2021,26.94,27.80,85.71,88.00,7.21,14.30,63,"Rain, not freezing, continuous",4,Rain,TRUE
2021,50,3,2021,48,11-29-2021,26.61,27.00,86.43,89.00,9.74,27.70,61,"Rain, not freezing, continuous",3,Rain,TRUE
2021,51,1,2021,49,12-06-2021,26.97,27.70,83.71,87.00,4.71,8.40,63,"Rain, not freezing, continuous",3,Rain,TRUE
2021,52,2,2021,50,12-13-2021,27.01,27.40,84.29,88.00,5.70,19.70,51,"Rain, not freezing, continuous",3,Rain,TRUE
2022,1,3,2021,51,12-20-2021,26.91,27.30,84.43,87.00,1.59,3.50,51,"Rain, not freezing, continuous",3,Rain,TRUE
2022,2,4,2021,52,12-27-2021,27.06,27.40,80.00,86.00,1.69,7.00,51,"Rain, not freezing, continuous",3,Rain,TRUE
2022,3,1,2022,1,01-03-2022,26.76,27.20,81.14,87.00,2.51,12.40,51,"Rain, not freezing, continuous",2,Rain,TRUE
2022,4,1,2022,2,01-10-2022,26.89,27.20,78.14,86.00,0.71,1.50,3,"Drizzle, not freezing, continuous",3,Drizzle,TRUE
2022,5,4,2022,3,01-17-2022,26.69,27.10,81.14,88.00,3.33,12.00,51,"Rain, not freezing, continuous",3,Rain,TRUE
2022,6,1,2022,4,01-24-2022,26.36,27.20,87.86,90.00,14.81,39.40,63,"Rain, not freezing, continuous",2,Rain,TRUE
2022,7,0,2022,5,01-31-2022,26.79,27.40,82.86,85.00,1.44,5.80,51,"Rain, not freezing, continuous",4,Rain,TRUE
2022,8,3,2022,6,02-07-2022,26.76,27.40,82.71,87.00,5.16,11.50,63,"Rain, not freezing, continuous",4,Rain,TRUE
2022,9,0,2022,7,02-14-2022,26.59,27.20,82.14,88.00,2.30,8.20,3,"Rain, not freezing, continuous",3,Rain,TRUE
2022,10,2,2022,8,02-21-2022,27.17,27.60,77.43,80.00,1.21,3.00,51,"Drizzle, not freezing, continuous",3,Drizzle,TRUE
2022,11,2,2022,9,02-28-2022,27.01,27.30,83.43,85.00,4.36,11.80,51,"Rain, not freezing, continuous",2,Rain,TRUE
2022,12,9,2022,10,03-07-2022,26.70,27.40,85.71,89.00,11.84,32.60,51,"Rain, not freezing, continuous",3,Rain,TRUE
2022,13,5,2022,11,03-14-2022,26.81,27.50,87.29,90.00,6.73,16.80,63,"Rain, not freezing, continuous",3,Rain,TRUE
2022,14,6,2022,12,03-21-2022,26.97,27.50,85.00,88.00,10.66,60.90,61,"Rain, not freezing, continuous",3,Rain,TRUE
2022,15,8,2022,13,03-28-2022,26.40,27.20,86.14,89.00,16.93,36.90,63,"Rain, not freezing, continuous",4,Rain,TRUE
2022,16,6,2022,14,04-04-2022,26.47,27.10,85.57,91.00,14.11,33.80,65,"Rain, not freezing, continuous",3,Rain,TRUE
2022,17,15,2022,15,04-11-2022,26.83,27.00,84.29,87.00,3.19,7.60,51,"Rain, not freezing, continuous",2,Rain,TRUE
2022,18,3,2022,16,04-18-2022,26.96,27.40,86.29,88.00,6.57,10.20,63,"Rain, not freezing, continuous",4,Rain,TRUE
2022,19,6,2022,17,04-25-2022,27.04,27.90,86.57,88.00,14.01,51.40,61,"Rain, not freezing, continuous",2,Rain,TRUE
2022,20,7,2022,18,05-02-2022,27.21,27.70,86.14,88.00,7.91,17.70,63,"Rain, not freezing, continuous",3,Rain,TRUE
2022,21,5,2022,19,05-09-2022,26.90,27.20,87.29,88.00,7.59,11.90,61,"Rain, not freezing, continuous",3,Rain,TRUE
2022,22,4,2022,20,05-16-2022,26.69,27.50,87.86,90.00,7.20,26.60,63,"Rain, not freezing, continuous",3,Rain,TRUE
2022,23,5,2022,21,05-23-2022,26.84,27.60,87.00,89.00,6.79,21.30,63,"Rain, not freezing, continuous",3,Rain,TRUE
2022,24,4,2022,22,05-30-2022,27.17,28.30,83.14,89.00,4.60,11.80,63,"Rain, not freezing, continuous",3,Rain,TRUE
2022,25,8,2022,23,06-06-2022,26.96,27.30,84.86,89.00,2.96,9.40,51,"Rain, not freezing, continuous",3,Rain,TRUE
2022,26,9,2022,24,06-13-2022,27.19,28.00,84.57,87.00,3.09,4.80,63,"Rain, not freezing, continuous",3,Rain,TRUE
2022,27,4,2022,25,06-20-2022,26.79,27.60,85.71,88.00,6.34,14.90,63,"Rain, not freezing, continuous",3,Rain,TRUE
2022,28,2,2022,26,06-27-2022,26.94,27.70,86.86,89.00,5.59,10.40,63,"Rain, not freezing, continuous",3,Rain,TRUE
2022,29,3,2022,27,07-04-2022,26.66,27.50,86.43,89.00,6.87,18.50,51,"Rain, not freezing, continuous",2,Rain,TRUE
2022,30,4,2022,28,07-11-2022,26.96,27.40,85.57,88.00,6.23,11.50,61,"Rain, not freezing, continuous",5,Rain,TRUE
2022,31,3,2022,29,07-18-2022,26.74,27.20,85.00,89.00,6.86,19.20,61,"Rain, not freezing, continuous",3,Rain,TRUE
2022,32,3,2022,30,07-25-2022,26.97,27.20,84.71,86.00,5.67,11.50,65,"Rain, not freezing, continuous",2,Rain,TRUE
2022,33,2,2022,31,08-01-2022,26.24,27.00,87.86,92.00,6.70,17.60,53,"Rain, not freezing, continuous",2,Rain,TRUE
2022,34,0,2022,32,08-08-2022,27.00,27.40,84.86,87.00,4.47,11.10,63,"Rain, not freezing, continuous",3,Rain,TRUE
2022,35,4,2022,33,08-15-2022,26.93,27.80,83.29,88.00,2.39,9.00,51,"Rain, not freezing, continuous",4,Rain,TRUE
2022,36,2,2022,34,08-22-2022,26.94,27.80,84.14,87.00,5.11,13.80,51,"Rain, not freezing, continuous",2,Rain,TRUE
2022,37,2,2022,35,08-29-2022,27.11,27.60,86.00,88.00,3.69,11.30,53,"Rain, not freezing, continuous",4,Rain,TRUE
2022,38,2,2022,36,09-05-2022,26.63,27.30,85.86,90.00,7.76,20.90,63,"Rain, not freezing, continuous",3,Rain,TRUE
2022,39,2,2022,37,09-12-2022,27.27,28.10,82.86,88.00,4.20,25.60,3,"Rain, not freezing, continuous",2,Rain,TRUE
2022,40,3,2022,38,09-19-2022,27.39,28.10,82.86,85.00,3.30,9.50,51,"Rain, not freezing, continuous",2,Rain,TRUE
2022,41,4,2022,39,09-26-2022,27.19,27.70,84.57,87.00,3.11,7.30,51,"Rain, not freezing, continuous",3,Rain,TRUE
2022,42,0,2022,40,10-03-2022,26.94,27.70,86.57,89.00,4.51,11.10,61,"Rain, not freezing, continuous",4,Rain,TRUE
2022,43,0,2022,41,10-10-2022,27.00,27.60,86.00,88.00,5.49,12.90,61,"Rain, not freezing, continuous",3,Rain,TRUE
2022,44,0,2022,42,10-17-2022,26.90,27.40,87.00,88.00,6.54,12.20,63,"Rain, not freezing, continuous",5,Rain,TRUE
2022,45,1,2022,43,10-24-2022,26.73,28.00,86.86,89.00,14.60,28.80,63,"Rain, not freezing, continuous",4,Rain,TRUE
2022,46,0,2022,44,10-31-2022,27.27,28.30,85.57,89.00,2.04,5.00,51,"Rain, not freezing, continuous",3,Rain,TRUE
2022,47,1,2022,45,11-07-2022,26.89,27.50,86.43,88.00,6.11,13.30,51,"Rain, not freezing, continuous",2,Rain,TRUE
2022,48,0,2022,46,11-14-2022,26.69,27.80,87.86,89.00,10.10,33.50,63,"Rain, not freezing, continuous",4,Rain,TRUE
2022,49,0,2022,47,11-21-2022,26.87,27.30,85.57,88.00,7.50,24.70,51,"Rain, not freezing, continuous",2,Rain,TRUE
2022,50,1,2022,48,11-28-2022,27.04,27.50,85.43,88.00,5.40,20.80,55,"Rain, not freezing, continuous",2,Rain,TRUE
2022,51,2,2022,49,12-05-2022,27.01,27.50,82.71,87.00,2.46,9.70,53,"Rain, not freezing, continuous",4,Rain,TRUE
2022,52,0,2022,50,12-12-2022,26.97,27.50,84.14,89.00,6.63,19.40,61,"Rain, not freezing, continuous",2,Rain,TRUE
